Chi(proportion),T_avg UE(kBps),Spectral Efficiency,Fairness Idx,Cell-Edge Throughput(kBps),Discrimination Idx,Entropy,Proportion UE dropped,Proportion of UE active,Eff chi mean BSs,Eff chi active UEs,T_Avg Active UE(kBps)
1.0,730.9934571046718,3.6549672855233583E-6,0.4594946811486781,36.166666818035885,0.5405053188513215,3.909856399057812,0.051599999999999493,0.9484000000000004,0.9476022140221406,0.9484000000000004,771.9011391848799
