Chi(proportion),T_avg UE(kBps),Spectral Efficiency,Fairness Idx,Cell-Edge Throughput(kBps),Discrimination Idx,Entropy,Proportion UE dropped,Proportion of UE active,Eff chi mean BSs,Eff chi active UEs,T_Avg Active UE(kBps)
1.0,719.646471037738,3.5982323551886896E-6,0.4594489626685179,36.7599601949495,0.5405510373314827,3.915775723787668,0.04851999999999951,0.9514800000000002,0.9471250377833749,0.9514800000000002,757.7870714679875
