Chi(proportion),T_avg UE(kBps),Spectral Efficiency,Fairness Idx,Cell-Edge Throughput(kBps),Discrimination Idx,Entropy,Proportion UE dropped,Proportion of UE active,Eff chi mean BSs,Eff chi active UEs,T_Avg Active UE(kBps)
1.0,470.9160591803811,2.3545802959019064E-6,0.3034079395333562,0.0,0.6965920604666429,3.20267526919368,0.49703999999999926,0.5029600000000007,0.9802408791208755,0.5029600000000007,938.1601354191712
