Chi(proportion),T_avg UE(kBps),Spectral Efficiency,Fairness Idx,Cell-Edge Throughput(kBps),Discrimination Idx,Entropy,Proportion UE dropped,Proportion of UE active,Eff chi mean BSs,Eff chi active UEs,T_Avg Active UE(kBps)
1.0,687.3309810146078,3.4366549050730382E-6,0.41447598410791764,5.4143599635227275,0.585524015892082,3.732953362212765,0.027879999999999787,0.9721200000000011,0.9687555667506277,0.9721200000000011,707.6197020848906
