Chi(proportion),T_avg UE(kBps),Spectral Efficiency,Fairness Idx,Cell-Edge Throughput(kBps),Discrimination Idx,Entropy,Proportion UE dropped,Proportion of UE active,Eff chi mean BSs,Eff chi active UEs,T_Avg Active UE(kBps)
1.0,755.985873780098,0.0010243608589720326,0.43169391727018247,6.586380877760601,0.5683060827298166,11.980817037654287,0.05263321033210327,0.9473667896678971,0.9473667896678969,0.9473667896678971,797.9861486479559
