Chi(proportion),T_avg UE(kBps),Spectral Efficiency,Fairness Idx,Cell-Edge Throughput(kBps),Discrimination Idx,Entropy,Proportion UE dropped,Proportion of UE active,Eff chi mean BSs,Eff chi active UEs,T_Avg Active UE(kBps)
1.0,743.8779579532825,0.0023469349573426064,0.4258688376932246,1.9446090094237296,0.574131162306775,13.187338256065075,0.052874865293185386,0.9471251347068195,0.9471251347068187,0.9471251347068195,785.4065129107826
