Chi(proportion),T_avg UE(kBps),Spectral Efficiency,Fairness Idx,Cell-Edge Throughput(kBps),Discrimination Idx,Entropy,Proportion UE dropped,Proportion of UE active,Eff chi mean BSs,Eff chi active UEs,T_Avg Active UE(kBps)
1.0,717.7158248598942,0.0014246659123468876,0.3911824507592691,3.041283389592997,0.6088175492407308,12.35783596108278,0.031225894206549098,0.9687741057934492,0.9687741057934489,0.9687741057934492,740.8494100695877
