Chi(proportion),T_avg UE(kBps),Spectral Efficiency,Fairness Idx,Cell-Edge Throughput(kBps),Discrimination Idx,Entropy,Proportion UE dropped,Proportion of UE active,Eff chi mean BSs,Eff chi active UEs,T_Avg Active UE(kBps)
1.0,735.4774422807347,6.214784387272203E-4,0.42317210061271393,3.424360301145952,0.5768278993872866,11.281336189262698,0.054843786982248566,0.9451562130177513,0.9474007373271893,0.9451562130177513,778.1558644010205
