Chi(proportion),T_avg UE(kBps),Spectral Efficiency,Fairness Idx,Cell-Edge Throughput(kBps),Discrimination Idx,Entropy,Proportion UE dropped,Proportion of UE active,Eff chi mean BSs,Eff chi active UEs,T_Avg Active UE(kBps)
1.0,729.7519070993183,0.0019958714659166366,0.41971799807937926,0.6441227724946906,0.5802820019206207,12.967674815901773,0.05412914076782442,0.9458708592321747,0.9470849445324909,0.9458708592321747,771.5145403856064
