Chi(proportion),T_avg UE(kBps),Spectral Efficiency,Fairness Idx,Cell-Edge Throughput(kBps),Discrimination Idx,Entropy,Proportion UE dropped,Proportion of UE active,Eff chi mean BSs,Eff chi active UEs,T_Avg Active UE(kBps)
1.0,730.0410336090497,0.0017119462238132232,0.4202718443208871,0.6877812508800408,0.5797281556791125,12.746729469481052,0.05437168443496802,0.9456283155650321,0.9469904204753188,0.9456283155650321,772.0178509804164
