Chi(proportion),T_avg UE(kBps),Spectral Efficiency,Fairness Idx,Cell-Edge Throughput(kBps),Discrimination Idx,Entropy,Proportion UE dropped,Proportion of UE active,Eff chi mean BSs,Eff chi active UEs,T_Avg Active UE(kBps)
1.0,739.156565396199,4.6936441902658616E-4,0.40127307645149646,3.4520055470947133,0.5987269235485034,10.741438454533995,0.030286299212598445,0.9697137007874013,0.9697137007874009,0.9697137007874013,762.2409012694893
