Chi(proportion),T_avg UE(kBps),Spectral Efficiency,Fairness Idx,Cell-Edge Throughput(kBps),Discrimination Idx,Entropy,Proportion UE dropped,Proportion of UE active,Eff chi mean BSs,Eff chi active UEs,T_Avg Active UE(kBps)
1.0,697.1862672789272,0.0016349017967690824,0.38216804413511957,2.6999283291096074,0.6178319558648808,12.57218011373627,0.03213381663112998,0.9678661833688692,0.9686469469835451,0.9678661833688692,720.3331172541921
