Chi(proportion),T_avg UE(kBps),Spectral Efficiency,Fairness Idx,Cell-Edge Throughput(kBps),Discrimination Idx,Entropy,Proportion UE dropped,Proportion of UE active,Eff chi mean BSs,Eff chi active UEs,T_Avg Active UE(kBps)
1.0,731.3733961833725,0.0014517761914239924,0.42028172907134215,1.0300734411190078,0.5797182709286575,12.506723020697002,0.054141360201511245,0.9458586397984884,0.9472322388059695,0.9458586397984884,773.2379921364981
