Chi(proportion),T_avg UE(kBps),Spectral Efficiency,Fairness Idx,Cell-Edge Throughput(kBps),Discrimination Idx,Entropy,Proportion UE dropped,Proportion of UE active,Eff chi mean BSs,Eff chi active UEs,T_Avg Active UE(kBps)
1.0,733.3632002633857,6.196919042225608E-4,0.39826435439916674,3.2894112673309936,0.6017356456008328,11.145026601158328,0.030687810650887663,0.9693121893491119,0.9693121893491118,0.9693121893491119,756.5800758646453
