Chi(proportion),T_avg UE(kBps),Spectral Efficiency,Fairness Idx,Cell-Edge Throughput(kBps),Discrimination Idx,Entropy,Proportion UE dropped,Proportion of UE active,Eff chi mean BSs,Eff chi active UEs,T_Avg Active UE(kBps)
1.0,696.5314094695275,0.0019050134048991584,0.3819259406525715,2.6867905671713928,0.6180740593474292,12.793459567757163,0.03217813528336389,0.9678218647166364,0.9685516323296335,0.9678218647166364,719.6891032281602
