Chi(proportion),T_avg UE(kBps),Spectral Efficiency,Fairness Idx,Cell-Edge Throughput(kBps),Discrimination Idx,Entropy,Proportion UE dropped,Proportion of UE active,Eff chi mean BSs,Eff chi active UEs,T_Avg Active UE(kBps)
1.0,397.7146738327096,1.9885733691635495E-6,0.265547127670993,0.0,0.734452872329007,3.0273808618953018,0.4979999999999996,0.5020000000000003,0.9811673551637236,0.5020000000000003,793.2804161803422
