Chi(proportion),T_avg UE(kBps),Spectral Efficiency,Fairness Idx,Cell-Edge Throughput(kBps),Discrimination Idx,Entropy,Proportion UE dropped,Proportion of UE active,Eff chi mean BSs,Eff chi active UEs,T_Avg Active UE(kBps)
1.0,692.3057250575512,3.4615286252877597E-6,0.41528405648475547,5.2754265625151815,0.5847159435152446,3.7319936107158345,0.02799999999999978,0.9720000000000008,0.9689757099697874,0.9720000000000008,712.8630936233811
