Chi(proportion),T_avg UE(kBps),Spectral Efficiency,Fairness Idx,Cell-Edge Throughput(kBps),Discrimination Idx,Entropy,Proportion UE dropped,Proportion of UE active,Eff chi mean BSs,Eff chi active UEs,T_Avg Active UE(kBps)
1.0,404.04049953899,2.02020249769495E-6,0.26581739538268934,0.0,0.7341826046173094,3.0283141602160666,0.49723999999999985,0.5027600000000003,0.9805378801843331,0.5027600000000003,803.3397900220743
