Chi(proportion),T_avg UE(kBps),Spectral Efficiency,Fairness Idx,Cell-Edge Throughput(kBps),Discrimination Idx,Entropy,Proportion UE dropped,Proportion of UE active,Eff chi mean BSs,Eff chi active UEs,T_Avg Active UE(kBps)
1.0,686.0760001635289,3.4303800008176507E-6,0.4214559292377995,5.265241398495776,0.5785440707621999,3.7453187775261676,0.0315599999999998,0.9684400000000012,0.9686550959488262,0.9684400000000012,709.4348160626582
