Chi(proportion),T_avg UE(kBps),Spectral Efficiency,Fairness Idx,Cell-Edge Throughput(kBps),Discrimination Idx,Entropy,Proportion UE dropped,Proportion of UE active,Eff chi mean BSs,Eff chi active UEs,T_Avg Active UE(kBps)
1.0,405.7495530926994,2.028747765463497E-6,0.26538384066614423,0.0,0.734616159333856,3.0219944920318955,0.49928000000000017,0.5007199999999999,0.9793568503936975,0.5007199999999999,809.5510815805599
