Chi(proportion),T_avg UE(kBps),Spectral Efficiency,Fairness Idx,Cell-Edge Throughput(kBps),Discrimination Idx,Entropy,Proportion UE dropped,Proportion of UE active,Eff chi mean BSs,Eff chi active UEs,T_Avg Active UE(kBps)
1.0,691.2108375954895,3.4560541879774483E-6,0.416404928752034,5.144023512270236,0.5835950712479662,3.7322433408382394,0.03127999999999977,0.9687200000000012,0.9687743073047836,0.9687200000000012,713.9287671491124
