Chi(proportion),T_avg UE(kBps),Spectral Efficiency,Fairness Idx,Cell-Edge Throughput(kBps),Discrimination Idx,Entropy,Proportion UE dropped,Proportion of UE active,Eff chi mean BSs,Eff chi active UEs,T_Avg Active UE(kBps)
1.0,452.3585728418314,8.36863359757388E-5,0.2582297224126532,0.0,0.7417702775873466,8.299595730878771,0.5282216216216222,0.4717783783783781,0.9790334426229553,0.4717783783783781,958.8667792464586
