Chi(proportion),T_avg UE(kBps),Spectral Efficiency,Fairness Idx,Cell-Edge Throughput(kBps),Discrimination Idx,Entropy,Proportion UE dropped,Proportion of UE active,Eff chi mean BSs,Eff chi active UEs,T_Avg Active UE(kBps)
1.0,401.4286607727432,2.0071433038637113E-6,0.2687337604363213,0.0,0.731266239563679,3.038741354571676,0.49892000000000053,0.5010799999999994,0.981336289978678,0.5010799999999994,801.0057765803157
