Chi(proportion),T_avg UE(kBps),Spectral Efficiency,Fairness Idx,Cell-Edge Throughput(kBps),Discrimination Idx,Entropy,Proportion UE dropped,Proportion of UE active,Eff chi mean BSs,Eff chi active UEs,T_Avg Active UE(kBps)
1.0,428.24637514158707,2.1412318757079375E-6,0.2817847657875773,0.0,0.7182152342124228,3.09248953343029,0.49652000000000024,0.5034799999999997,0.9579200000000015,0.5034799999999997,849.4608514053151
