Chi(proportion),T_avg UE(kBps),Spectral Efficiency,Fairness Idx,Cell-Edge Throughput(kBps),Discrimination Idx,Entropy,Proportion UE dropped,Proportion of UE active,Eff chi mean BSs,Eff chi active UEs,T_Avg Active UE(kBps)
1.0,490.75341742481777,2.453767087124093E-6,0.30259920091546294,0.0,0.6974007990845376,3.1698269512040835,0.4938000000000001,0.5061999999999999,0.9767428571428572,0.5061999999999999,969.8387538106358
