Chi(proportion),T_avg UE(kBps),Spectral Efficiency,Fairness Idx,Cell-Edge Throughput(kBps),Discrimination Idx,Entropy,Proportion UE dropped,Proportion of UE active,Eff chi mean BSs,Eff chi active UEs,T_Avg Active UE(kBps)
1.0,691.8278571119167,3.459139285559583E-6,0.412613900305952,5.2261925295406355,0.5873860996940479,3.7236871894412698,0.029639999999999802,0.9703599999999997,0.9691408294930852,0.9703599999999997,713.4834022926434
