Chi(proportion),T_avg UE(kBps),Spectral Efficiency,Fairness Idx,Cell-Edge Throughput(kBps),Discrimination Idx,Entropy,Proportion UE dropped,Proportion of UE active,Eff chi mean BSs,Eff chi active UEs,T_Avg Active UE(kBps)
1.0,454.4223736382065,2.272111868191032E-6,0.2987110018508062,0.0,0.7012889981491941,3.184458943376778,0.4990400000000006,0.5009599999999994,0.9825251919561239,0.5009599999999994,907.7085364725516
