Chi(proportion),T_avg UE(kBps),Spectral Efficiency,Fairness Idx,Cell-Edge Throughput(kBps),Discrimination Idx,Entropy,Proportion UE dropped,Proportion of UE active,Eff chi mean BSs,Eff chi active UEs,T_Avg Active UE(kBps)
1.0,688.1842767933414,3.4409213839667036E-6,0.4137198139402932,5.119361152063076,0.5862801860597067,3.7232259468974354,0.030039999999999775,0.969960000000001,0.9688670110701099,0.969960000000001,710.462984504896
