Chi(proportion),T_avg UE(kBps),Spectral Efficiency,Fairness Idx,Cell-Edge Throughput(kBps),Discrimination Idx,Entropy,Proportion UE dropped,Proportion of UE active,Eff chi mean BSs,Eff chi active UEs,T_Avg Active UE(kBps)
1.0,704.5426317724392,3.522713158862204E-6,0.42121925077287614,5.523274919967355,0.5787807492271245,3.7458902410775754,0.027839999999999802,0.9721600000000006,0.9689308761329288,0.9721600000000006,725.5175162092787
