Chi(proportion),T_avg UE(kBps),Spectral Efficiency,Fairness Idx,Cell-Edge Throughput(kBps),Discrimination Idx,Entropy,Proportion UE dropped,Proportion of UE active,Eff chi mean BSs,Eff chi active UEs,T_Avg Active UE(kBps)
1.0,447.006606979317,8.873081148539448E-4,0.25724133546830374,0.0,0.7427586645316963,11.735450706655227,0.5138491687657448,0.48615083123425534,0.9824803411513836,0.48615083123425534,919.4829352102691
