Chi(proportion),T_avg UE(kBps),Spectral Efficiency,Fairness Idx,Cell-Edge Throughput(kBps),Discrimination Idx,Entropy,Proportion UE dropped,Proportion of UE active,Eff chi mean BSs,Eff chi active UEs,T_Avg Active UE(kBps)
1.0,447.29337151720074,7.402705298609672E-4,0.2573604113848623,0.0,0.742639588615138,11.472975807574263,0.5144911178247733,0.4855088821752271,0.9821456926952085,0.4855088821752271,921.2881191266207
