Chi(proportion),T_avg UE(kBps),Spectral Efficiency,Fairness Idx,Cell-Edge Throughput(kBps),Discrimination Idx,Entropy,Proportion UE dropped,Proportion of UE active,Eff chi mean BSs,Eff chi active UEs,T_Avg Active UE(kBps)
1.0,691.7096186686254,3.458548093343123E-6,0.41798693538943066,5.470456445561182,0.5820130646105693,3.7371123980862526,0.031319999999999765,0.9686800000000009,0.9692341013824864,0.9686800000000009,714.8456206748654
