Chi(proportion),T_avg UE(kBps),Spectral Efficiency,Fairness Idx,Cell-Edge Throughput(kBps),Discrimination Idx,Entropy,Proportion UE dropped,Proportion of UE active,Eff chi mean BSs,Eff chi active UEs,T_Avg Active UE(kBps)
1.0,640.498799721071,2.241745799023747E-5,0.32780184495221204,0.0,0.6721981550477867,6.109827970097404,0.5124057142857139,0.48759428571428604,0.9751885714285721,0.48759428571428604,1313.730284989726
