Chi(proportion),T_avg UE(kBps),Spectral Efficiency,Fairness Idx,Cell-Edge Throughput(kBps),Discrimination Idx,Entropy,Proportion UE dropped,Proportion of UE active,Eff chi mean BSs,Eff chi active UEs,T_Avg Active UE(kBps)
1.0,222.6094550159376,1.1130472750796895E-6,0.15165099881719565,0.0,0.8483490011828033,2.0651309383465155,0.8003999999999936,0.19959999999999792,0.9378580060422974,0.19959999999999792,1114.225050992565
