Chi(proportion),T_avg UE(kBps),Spectral Efficiency,Fairness Idx,Cell-Edge Throughput(kBps),Discrimination Idx,Entropy,Proportion UE dropped,Proportion of UE active,Eff chi mean BSs,Eff chi active UEs,T_Avg Active UE(kBps)
1.0,448.33033015931517,4.864384082228573E-4,0.2576102540611672,0.0,0.7423897459388332,10.863234624710502,0.5159085714285719,0.4840914285714281,0.9819008118081167,0.4840914285714281,926.1294293542164
