Chi(proportion),T_avg UE(kBps),Spectral Efficiency,Fairness Idx,Cell-Edge Throughput(kBps),Discrimination Idx,Entropy,Proportion UE dropped,Proportion of UE active,Eff chi mean BSs,Eff chi active UEs,T_Avg Active UE(kBps)
1.0,732.2617732828567,0.0012118932347831277,0.4212102160055566,1.545255189190701,0.5787897839944429,12.246267183323516,0.0542172809667674,0.9457827190332332,0.947340957178841,0.9457827190332332,774.2399071803869
