Chi(proportion),T_avg UE(kBps),Spectral Efficiency,Fairness Idx,Cell-Edge Throughput(kBps),Discrimination Idx,Entropy,Proportion UE dropped,Proportion of UE active,Eff chi mean BSs,Eff chi active UEs,T_Avg Active UE(kBps)
1.0,747.4550455714831,2.6160926595001953E-5,0.4064441808392637,3.6717121044121495,0.5935558191607357,6.563481229311942,0.030891428571428483,0.9691085714285712,0.9725368421052578,0.9691085714285712,771.3043507734201
