Chi(proportion),T_avg UE(kBps),Spectral Efficiency,Fairness Idx,Cell-Edge Throughput(kBps),Discrimination Idx,Entropy,Proportion UE dropped,Proportion of UE active,Eff chi mean BSs,Eff chi active UEs,T_Avg Active UE(kBps)
1.0,708.6676773205827,3.2244379318086463E-4,0.38696039891856343,2.8197476960823793,0.6130396010814364,10.21942524714905,0.031850989010988956,0.9681490109890131,0.969767559055119,0.9681490109890131,731.9770566642986
