Chi(proportion),T_avg UE(kBps),Spectral Efficiency,Fairness Idx,Cell-Edge Throughput(kBps),Discrimination Idx,Entropy,Proportion UE dropped,Proportion of UE active,Eff chi mean BSs,Eff chi active UEs,T_Avg Active UE(kBps)
1.0,745.8880119062072,0.0020400037125634755,0.42665910974412324,2.1716227693948413,0.5733408902558773,12.983125210871393,0.052807312614259534,0.9471926873857397,0.9471926873857391,0.9471926873857397,787.4730339903499
