Chi(proportion),T_avg UE(kBps),Spectral Efficiency,Fairness Idx,Cell-Edge Throughput(kBps),Discrimination Idx,Entropy,Proportion UE dropped,Proportion of UE active,Eff chi mean BSs,Eff chi active UEs,T_Avg Active UE(kBps)
1.0,961.0801750035948,3.363780612512583E-5,0.5197797530173311,63.94243157745901,0.48022024698266863,6.877152069613625,0.046102857142857105,0.9538971428571418,0.9538971428571418,0.9538971428571418,1007.5429015730106
