Chi(proportion),T_avg UE(kBps),Spectral Efficiency,Fairness Idx,Cell-Edge Throughput(kBps),Discrimination Idx,Entropy,Proportion UE dropped,Proportion of UE active,Eff chi mean BSs,Eff chi active UEs,T_Avg Active UE(kBps)
1.0,267.7537411494566,1.33876870574728E-6,0.18237326662484724,0.0,0.8176267333751521,2.350417691061406,0.7536799999999974,0.2463200000000005,0.9439208791208759,0.2463200000000005,1087.2994432463656
