Chi(proportion),T_avg UE(kBps),Spectral Efficiency,Fairness Idx,Cell-Edge Throughput(kBps),Discrimination Idx,Entropy,Proportion UE dropped,Proportion of UE active,Eff chi mean BSs,Eff chi active UEs,T_Avg Active UE(kBps)
1.0,223.01361376763816,1.1150680688381928E-6,0.15158593140171353,0.0,0.8484140685982857,2.0578198474563187,0.8027199999999955,0.1972799999999982,0.9303385826771634,0.1972799999999982,1131.5765967468844
