Chi(proportion),T_avg UE(kBps),Spectral Efficiency,Fairness Idx,Cell-Edge Throughput(kBps),Discrimination Idx,Entropy,Proportion UE dropped,Proportion of UE active,Eff chi mean BSs,Eff chi active UEs,T_Avg Active UE(kBps)
1.0,252.71632367519416,1.2635816183759732E-6,0.15783196999551266,0.0,0.8421680300044878,2.1106591035314537,0.8001199999999924,0.19987999999999792,0.9149136842105269,0.19987999999999792,1265.5658370251333
