Chi(proportion),T_avg UE(kBps),Spectral Efficiency,Fairness Idx,Cell-Edge Throughput(kBps),Discrimination Idx,Entropy,Proportion UE dropped,Proportion of UE active,Eff chi mean BSs,Eff chi active UEs,T_Avg Active UE(kBps)
1.0,446.15498590642767,0.0012202338864540797,0.25710063262686894,0.0,0.7428993673731317,12.198390067966075,0.5129515904936016,0.48704840950639855,0.9825615213946072,0.48704840950639855,916.03926779905
