Chi(proportion),T_avg UE(kBps),Spectral Efficiency,Fairness Idx,Cell-Edge Throughput(kBps),Discrimination Idx,Entropy,Proportion UE dropped,Proportion of UE active,Eff chi mean BSs,Eff chi active UEs,T_Avg Active UE(kBps)
1.0,227.192010820846,1.1359600541042295E-6,0.15321303382454693,0.0,0.8467869661754526,2.0740366754973487,0.8007199999999952,0.19927999999999804,0.9330201183431961,0.19927999999999804,1138.264354459203
