Chi(proportion),T_avg UE(kBps),Spectral Efficiency,Fairness Idx,Cell-Edge Throughput(kBps),Discrimination Idx,Entropy,Proportion UE dropped,Proportion of UE active,Eff chi mean BSs,Eff chi active UEs,T_Avg Active UE(kBps)
0.1,1372.545762289765,1.0431347793402219E-5,0.6529770900551567,127.08218910440667,0.34702290994484314,4.8732727523468045,0.0,1.0,0.008000000000000005,0.09999999999999859,1372.545762289765
0.10500000000000001,1386.3034971973243,1.0535906578699662E-5,0.6517541818250324,130.71465083841372,0.34824581817496736,4.873503224016139,0.0,1.0,0.008399999999999967,0.1050000000000007,1386.3034971973243
0.11000000000000001,1384.9819010202302,1.0525862447753765E-5,0.6531749112861088,129.86573086635775,0.3468250887138902,4.873973115542788,0.0,1.0,0.008800000000000011,0.10999999999999949,1384.9819010202302
0.11500000000000002,1376.295138223348,1.0459843050497442E-5,0.6528907539520794,133.55376816204557,0.3471092460479206,4.875807856377173,0.0,1.0,0.009199999999999913,0.11499999999999809,1376.295138223348
0.12000000000000002,1284.7637209230334,1.4646306418522593E-5,0.6185490204257296,91.3383008179733,0.3814509795742707,5.406229240921619,0.0,1.0,0.014400000000000161,0.12000000000000152,1284.7637209230334
0.12500000000000003,1291.4316269970325,1.472232054776615E-5,0.6200430969382394,97.13321389529,0.37995690306176,5.410672838961967,0.0,1.0,0.01500000000000019,0.12500000000000003,1291.4316269970325
0.13000000000000003,1285.6546946837345,1.4656463519394547E-5,0.6196432257643997,97.78343095949045,0.3803567742356009,5.408610525394111,0.0,1.0,0.015599999999999623,0.12999999999999823,1285.6546946837345
