Chi(proportion),T_avg UE(kBps),Spectral Efficiency,Fairness Idx,Cell-Edge Throughput(kBps),Discrimination Idx,Entropy,Proportion UE dropped,Proportion of UE active,Eff chi mean BSs,Eff chi active UEs,T_Avg Active UE(kBps)
1.0,690.1059139538313,3.4505295697691557E-6,0.42031829992344405,5.582478895877407,0.5796817000765565,3.7462370750966403,0.02999999999999976,0.9700000000000006,0.9705331147540982,0.9700000000000006,711.4740816714574
