Chi(proportion),T_avg UE(kBps),Spectral Efficiency,Fairness Idx,Cell-Edge Throughput(kBps),Discrimination Idx,Entropy,Proportion UE dropped,Proportion of UE active,Eff chi mean BSs,Eff chi active UEs,T_Avg Active UE(kBps)
1.0,264.5857530241273,1.322928765120636E-6,0.17649793147473947,0.0,0.8235020685252612,2.3005003110857025,0.7622799999999965,0.23771999999999996,0.9391396721311517,0.23771999999999996,1111.8447714028891
