Chi(proportion),T_avg UE(kBps),Spectral Efficiency,Fairness Idx,Cell-Edge Throughput(kBps),Discrimination Idx,Entropy,Proportion UE dropped,Proportion of UE active,Eff chi mean BSs,Eff chi active UEs,T_Avg Active UE(kBps)
1.0,261.5267993681093,1.3076339968405458E-6,0.179051005950785,0.0,0.820948994049215,2.3369741247861495,0.7514799999999981,0.24852000000000077,0.9523280604533974,0.24852000000000077,1053.1834307421761
