Chi(proportion),T_avg UE(kBps),Spectral Efficiency,Fairness Idx,Cell-Edge Throughput(kBps),Discrimination Idx,Entropy,Proportion UE dropped,Proportion of UE active,Eff chi mean BSs,Eff chi active UEs,T_Avg Active UE(kBps)
1.0,439.3204563666726,2.196602281833362E-6,0.2878851085355949,0.0,0.7121148914644049,3.099114039826253,0.5535999999999998,0.44639999999999874,0.9702063157894751,0.44639999999999874,983.466254773607
