Chi(proportion),T_avg UE(kBps),Spectral Efficiency,Fairness Idx,Cell-Edge Throughput(kBps),Discrimination Idx,Entropy,Proportion UE dropped,Proportion of UE active,Eff chi mean BSs,Eff chi active UEs,T_Avg Active UE(kBps)
1.0,454.8747799033078,2.274373899516541E-6,0.29947021540919033,0.0,0.7005297845908101,3.19275050450008,0.4976400000000003,0.5023599999999997,0.9824803411513844,0.5023599999999997,907.2991064871504
