Chi(proportion),T_avg UE(kBps),Spectral Efficiency,Fairness Idx,Cell-Edge Throughput(kBps),Discrimination Idx,Entropy,Proportion UE dropped,Proportion of UE active,Eff chi mean BSs,Eff chi active UEs,T_Avg Active UE(kBps)
1.0,453.4697874872481,2.267348937436244E-6,0.3007315903020909,0.0,0.6992684096979079,3.1955341587500627,0.4984799999999999,0.5015200000000001,0.9818993357933556,0.5015200000000001,906.5532655173924
