Chi(proportion),T_avg UE(kBps),Spectral Efficiency,Fairness Idx,Cell-Edge Throughput(kBps),Discrimination Idx,Entropy,Proportion UE dropped,Proportion of UE active,Eff chi mean BSs,Eff chi active UEs,T_Avg Active UE(kBps)
1.0,221.54169433169588,1.1077084716584789E-6,0.15251357027145931,0.0,0.8474864297285403,2.065928059564589,0.8011199999999945,0.19887999999999803,0.9386745591939445,0.19887999999999803,1115.474286763934
