Chi(proportion),T_avg UE(kBps),Spectral Efficiency,Fairness Idx,Cell-Edge Throughput(kBps),Discrimination Idx,Entropy,Proportion UE dropped,Proportion of UE active,Eff chi mean BSs,Eff chi active UEs,T_Avg Active UE(kBps)
1.0,333.5775311222482,1.667887655611239E-6,0.22370132887212074,0.0,0.7762986711278775,2.7078917765509254,0.6655599999999984,0.334439999999999,0.9664707011070109,0.334439999999999,996.6089428205433
