Chi(proportion),T_avg UE(kBps),Spectral Efficiency,Fairness Idx,Cell-Edge Throughput(kBps),Discrimination Idx,Entropy,Proportion UE dropped,Proportion of UE active,Eff chi mean BSs,Eff chi active UEs,T_Avg Active UE(kBps)
1.0,458.51981759297763,2.2925990879648866E-6,0.29917607797447593,0.0,0.7008239220255242,3.1742109181873626,0.5164399999999999,0.48356000000000005,0.9770529729729707,0.48356000000000005,949.3591539462471
