Chi(proportion),T_avg UE(kBps),Spectral Efficiency,Fairness Idx,Cell-Edge Throughput(kBps),Discrimination Idx,Entropy,Proportion UE dropped,Proportion of UE active,Eff chi mean BSs,Eff chi active UEs,T_Avg Active UE(kBps)
1.0,338.86823191228814,1.6943411595614413E-6,0.2251958525444722,0.0,0.7748041474555277,2.711226393798861,0.6645199999999976,0.33547999999999906,0.967279033232628,0.33547999999999906,1011.3256211960947
