Distance/m,Chi = 0.99999
0.1,8012.291055592659,
