Distance/m,Chi = 0.99999
0.1,5576.6530361698815,
