Distance/m,Chi = 0.99999
0.1,6469.850263712742,
