Chi(proportion),T_avg UE(kBps),Spectral Efficiency,Fairness Idx,Cell-Edge Throughput(kBps),Discrimination Idx,Entropy,Proportion UE dropped,Proportion of UE active,Eff chi mean BSs,Eff chi active UEs,T_Avg Active UE(kBps)
1.0,447.87130967602565,6.068656246110153E-4,0.25748957672663836,0.0,0.7425104232733606,11.184244011028472,0.5151056826568268,0.4848943173431733,0.9821967371601213,0.4848943173431733,923.6495461354857
