Chi(proportion),T_avg UE(kBps),Spectral Efficiency,Fairness Idx,Cell-Edge Throughput(kBps),Discrimination Idx,Entropy,Proportion UE dropped,Proportion of UE active,Eff chi mean BSs,Eff chi active UEs,T_Avg Active UE(kBps)
1.0,462.8240241247447,0.0010853223365725263,0.26389894252772866,0.0,0.7361010574722705,12.003096928321709,0.5088092963752666,0.4911907036247335,0.982381407249467,0.4911907036247335,942.2500728198094
