Chi(proportion),T_avg UE(kBps),Spectral Efficiency,Fairness Idx,Cell-Edge Throughput(kBps),Discrimination Idx,Entropy,Proportion UE dropped,Proportion of UE active,Eff chi mean BSs,Eff chi active UEs,T_Avg Active UE(kBps)
1.0,472.3656932231189,5.12516777147084E-4,0.268024791094217,0.0,0.731975208905783,10.903636475466541,0.5092704147465431,0.49072958525345683,0.9814591705069136,0.49072958525345683,962.5831600587799
