Chi(proportion),T_avg UE(kBps),Spectral Efficiency,Fairness Idx,Cell-Edge Throughput(kBps),Discrimination Idx,Entropy,Proportion UE dropped,Proportion of UE active,Eff chi mean BSs,Eff chi active UEs,T_Avg Active UE(kBps)
1.0,325.8130420751379,1.629065210375691E-6,0.21508004936215758,0.0,0.7849199506378416,2.619628457711209,0.6941600000000011,0.30583999999999856,0.955748108108107,0.30583999999999856,1064.4097941862601
