Chi(proportion),T_avg UE(kBps),Spectral Efficiency,Fairness Idx,Cell-Edge Throughput(kBps),Discrimination Idx,Entropy,Proportion UE dropped,Proportion of UE active,Eff chi mean BSs,Eff chi active UEs,T_Avg Active UE(kBps)
1.0,329.1424672902302,1.6457123364511503E-6,0.22658471612169345,0.0,0.7734152838783074,2.714187540687432,0.6668799999999985,0.33311999999999886,0.9654184615384616,0.33311999999999886,988.9073227842194
