Chi(proportion),T_avg UE(kBps),Spectral Efficiency,Fairness Idx,Cell-Edge Throughput(kBps),Discrimination Idx,Entropy,Proportion UE dropped,Proportion of UE active,Eff chi mean BSs,Eff chi active UEs,T_Avg Active UE(kBps)
1.0,339.12647641167996,1.6956323820583954E-6,0.2257382743065562,0.0,0.774261725693444,2.7194864847044826,0.6621599999999975,0.33783999999999903,0.9673472040302277,0.33783999999999903,1002.8507757063619
