Chi(proportion),T_avg UE(kBps),Spectral Efficiency,Fairness Idx,Cell-Edge Throughput(kBps),Discrimination Idx,Entropy,Proportion UE dropped,Proportion of UE active,Eff chi mean BSs,Eff chi active UEs,T_Avg Active UE(kBps)
1.0,315.66025065033654,1.5783012532516808E-6,0.20128677772410886,0.0,0.7987132222758908,2.508943204305109,0.724000000000004,0.27599999999999963,0.9461242105263133,0.27599999999999963,1142.699994630291
