Chi(proportion),T_avg UE(kBps),Spectral Efficiency,Fairness Idx,Cell-Edge Throughput(kBps),Discrimination Idx,Entropy,Proportion UE dropped,Proportion of UE active,Eff chi mean BSs,Eff chi active UEs,T_Avg Active UE(kBps)
1.0,500.31467263951885,1.5259597515505325E-4,0.27728584330446987,0.0,0.7227141566955302,9.10113424389864,0.5104754098360634,0.4895245901639365,0.9790491803278741,0.4895245901639365,1022.0431542253742
